COUNTY_ID,state,normalized_name,candidate_count,status,census_county_name,state_ansi,county_ansi,fips,training_rows,first_year,last_year
IA_ADAIR,IA,ADAIR,1,reference_match,Adair County,19,001,19001,16,2000,2015
IA_ADAMS,IA,ADAMS,1,reference_match,Adams County,19,003,19003,16,2000,2015
IA_ALLAMAKEE,IA,ALLAMAKEE,1,reference_match,Allamakee County,19,005,19005,16,2000,2015
IA_APPANOOSE,IA,APPANOOSE,1,reference_match,Appanoose County,19,007,19007,16,2000,2015
IA_AUDUBON,IA,AUDUBON,1,reference_match,Audubon County,19,009,19009,16,2000,2015
IA_BENTON,IA,BENTON,1,reference_match,Benton County,19,011,19011,16,2000,2015
IA_BLACK_HAWK,IA,BLACKHAWK,1,reference_match,Black Hawk County,19,013,19013,16,2000,2015
IA_BOONE,IA,BOONE,1,reference_match,Boone County,19,015,19015,16,2000,2015
IA_BREMER,IA,BREMER,1,reference_match,Bremer County,19,017,19017,16,2000,2015
IA_BUCHANAN,IA,BUCHANAN,1,reference_match,Buchanan County,19,019,19019,16,2000,2015
IA_BUENA_VISTA,IA,BUENAVISTA,1,reference_match,Buena Vista County,19,021,19021,16,2000,2015
IA_BUTLER,IA,BUTLER,1,reference_match,Butler County,19,023,19023,16,2000,2015
IA_CALHOUN,IA,CALHOUN,1,reference_match,Calhoun County,19,025,19025,16,2000,2015
IA_CARROLL,IA,CARROLL,1,reference_match,Carroll County,19,027,19027,16,2000,2015
IA_CASS,IA,CASS,1,reference_match,Cass County,19,029,19029,16,2000,2015
IA_CEDAR,IA,CEDAR,1,reference_match,Cedar County,19,031,19031,16,2000,2015
IA_CERRO_GORDO,IA,CERROGORDO,1,reference_match,Cerro Gordo County,19,033,19033,16,2000,2015
IA_CHEROKEE,IA,CHEROKEE,1,reference_match,Cherokee County,19,035,19035,16,2000,2015
IA_CHICKASAW,IA,CHICKASAW,1,reference_match,Chickasaw County,19,037,19037,16,2000,2015
IA_CLARKE,IA,CLARKE,1,reference_match,Clarke County,19,039,19039,16,2000,2015
IA_CLAY,IA,CLAY,1,reference_match,Clay County,19,041,19041,16,2000,2015
IA_CLAYTON,IA,CLAYTON,1,reference_match,Clayton County,19,043,19043,16,2000,2015
IA_CLINTON,IA,CLINTON,1,reference_match,Clinton County,19,045,19045,16,2000,2015
IA_CRAWFORD,IA,CRAWFORD,1,reference_match,Crawford County,19,047,19047,16,2000,2015
IA_DALLAS,IA,DALLAS,1,reference_match,Dallas County,19,049,19049,16,2000,2015
IA_DAVIS,IA,DAVIS,1,reference_match,Davis County,19,051,19051,16,2000,2015
IA_DECATUR,IA,DECATUR,1,reference_match,Decatur County,19,053,19053,16,2000,2015
IA_DELAWARE,IA,DELAWARE,1,reference_match,Delaware County,19,055,19055,16,2000,2015
IA_DES_MOINES,IA,DESMOINES,1,reference_match,Des Moines County,19,057,19057,16,2000,2015
IA_DICKINSON,IA,DICKINSON,1,reference_match,Dickinson County,19,059,19059,16,2000,2015
IA_DUBUQUE,IA,DUBUQUE,1,reference_match,Dubuque County,19,061,19061,16,2000,2015
IA_EMMET,IA,EMMET,1,reference_match,Emmet County,19,063,19063,16,2000,2015
IA_FAYETTE,IA,FAYETTE,1,reference_match,Fayette County,19,065,19065,16,2000,2015
IA_FLOYD,IA,FLOYD,1,reference_match,Floyd County,19,067,19067,16,2000,2015
IA_FRANKLIN,IA,FRANKLIN,1,reference_match,Franklin County,19,069,19069,16,2000,2015
IA_FREMONT,IA,FREMONT,1,reference_match,Fremont County,19,071,19071,16,2000,2015
IA_GREENE,IA,GREENE,1,reference_match,Greene County,19,073,19073,16,2000,2015
IA_GRUNDY,IA,GRUNDY,1,reference_match,Grundy County,19,075,19075,16,2000,2015
IA_GUTHRIE,IA,GUTHRIE,1,reference_match,Guthrie County,19,077,19077,16,2000,2015
IA_HAMILTON,IA,HAMILTON,1,reference_match,Hamilton County,19,079,19079,16,2000,2015
IA_HANCOCK,IA,HANCOCK,1,reference_match,Hancock County,19,081,19081,16,2000,2015
IA_HARDIN,IA,HARDIN,1,reference_match,Hardin County,19,083,19083,16,2000,2015
IA_HARRISON,IA,HARRISON,1,reference_match,Harrison County,19,085,19085,16,2000,2015
IA_HENRY,IA,HENRY,1,reference_match,Henry County,19,087,19087,16,2000,2015
IA_HOWARD,IA,HOWARD,1,reference_match,Howard County,19,089,19089,16,2000,2015
IA_HUMBOLDT,IA,HUMBOLDT,1,reference_match,Humboldt County,19,091,19091,16,2000,2015
IA_IDA,IA,IDA,1,reference_match,Ida County,19,093,19093,16,2000,2015
IA_IOWA,IA,IOWA,1,reference_match,Iowa County,19,095,19095,16,2000,2015
IA_JACKSON,IA,JACKSON,1,reference_match,Jackson County,19,097,19097,16,2000,2015
IA_JASPER,IA,JASPER,1,reference_match,Jasper County,19,099,19099,16,2000,2015
IA_JEFFERSON,IA,JEFFERSON,1,reference_match,Jefferson County,19,101,19101,16,2000,2015
IA_JOHNSON,IA,JOHNSON,1,reference_match,Johnson County,19,103,19103,16,2000,2015
IA_JONES,IA,JONES,1,reference_match,Jones County,19,105,19105,16,2000,2015
IA_KEOKUK,IA,KEOKUK,1,reference_match,Keokuk County,19,107,19107,16,2000,2015
IA_KOSSUTH,IA,KOSSUTH,1,reference_match,Kossuth County,19,109,19109,16,2000,2015
IA_LEE,IA,LEE,1,reference_match,Lee County,19,111,19111,16,2000,2015
IA_LINN,IA,LINN,1,reference_match,Linn County,19,113,19113,16,2000,2015
IA_LOUISA,IA,LOUISA,1,reference_match,Louisa County,19,115,19115,16,2000,2015
IA_LUCAS,IA,LUCAS,1,reference_match,Lucas County,19,117,19117,16,2000,2015
IA_LYON,IA,LYON,1,reference_match,Lyon County,19,119,19119,16,2000,2015
IA_MADISON,IA,MADISON,1,reference_match,Madison County,19,121,19121,16,2000,2015
IA_MAHASKA,IA,MAHASKA,1,reference_match,Mahaska County,19,123,19123,16,2000,2015
IA_MARION,IA,MARION,1,reference_match,Marion County,19,125,19125,16,2000,2015
IA_MARSHALL,IA,MARSHALL,1,reference_match,Marshall County,19,127,19127,16,2000,2015
IA_MILLS,IA,MILLS,1,reference_match,Mills County,19,129,19129,15,2000,2014
IA_MITCHELL,IA,MITCHELL,1,reference_match,Mitchell County,19,131,19131,16,2000,2015
IA_MONONA,IA,MONONA,1,reference_match,Monona County,19,133,19133,16,2000,2015
IA_MONROE,IA,MONROE,1,reference_match,Monroe County,19,135,19135,15,2000,2014
IA_MONTGOMERY,IA,MONTGOMERY,1,reference_match,Montgomery County,19,137,19137,16,2000,2015
IA_MUSCATINE,IA,MUSCATINE,1,reference_match,Muscatine County,19,139,19139,16,2000,2015
IA_OSCEOLA,IA,OSCEOLA,1,reference_match,Osceola County,19,143,19143,16,2000,2015
IA_PAGE,IA,PAGE,1,reference_match,Page County,19,145,19145,16,2000,2015
IA_PALO_ALTO,IA,PALOALTO,1,reference_match,Palo Alto County,19,147,19147,16,2000,2015
IA_PLYMOUTH,IA,PLYMOUTH,1,reference_match,Plymouth County,19,149,19149,16,2000,2015
IA_POCAHONTAS,IA,POCAHONTAS,1,reference_match,Pocahontas County,19,151,19151,16,2000,2015
IA_POLK,IA,POLK,1,reference_match,Polk County,19,153,19153,16,2000,2015
IA_POTTAWATTAMIE,IA,POTTAWATTAMIE,1,reference_match,Pottawattamie County,19,155,19155,16,2000,2015
IA_POWESHIEK,IA,POWESHIEK,1,reference_match,Poweshiek County,19,157,19157,16,2000,2015
IA_RINGGOLD,IA,RINGGOLD,1,reference_match,Ringgold County,19,159,19159,16,2000,2015
IA_SAC,IA,SAC,1,reference_match,Sac County,19,161,19161,16,2000,2015
IA_SCOTT,IA,SCOTT,1,reference_match,Scott County,19,163,19163,16,2000,2015
IA_SHELBY,IA,SHELBY,1,reference_match,Shelby County,19,165,19165,16,2000,2015
IA_SIOUX,IA,SIOUX,1,reference_match,Sioux County,19,167,19167,16,2000,2015
IA_STORY,IA,STORY,1,reference_match,Story County,19,169,19169,16,2000,2015
IA_TAMA,IA,TAMA,1,reference_match,Tama County,19,171,19171,16,2000,2015
IA_TAYLOR,IA,TAYLOR,1,reference_match,Taylor County,19,173,19173,15,2000,2014
IA_UNION,IA,UNION,1,reference_match,Union County,19,175,19175,15,2000,2014
IA_VAN_BUREN,IA,VANBUREN,1,reference_match,Van Buren County,19,177,19177,16,2000,2015
IA_WAPELLO,IA,WAPELLO,1,reference_match,Wapello County,19,179,19179,16,2000,2015
IA_WARREN,IA,WARREN,1,reference_match,Warren County,19,181,19181,16,2000,2015
IA_WASHINGTON,IA,WASHINGTON,1,reference_match,Washington County,19,183,19183,16,2000,2015
IA_WAYNE,IA,WAYNE,1,reference_match,Wayne County,19,185,19185,16,2000,2015
IA_WEBSTER,IA,WEBSTER,1,reference_match,Webster County,19,187,19187,16,2000,2015
IA_WINNESHIEK,IA,WINNESHIEK,1,reference_match,Winneshiek County,19,191,19191,16,2000,2015
IA_WOODBURY,IA,WOODBURY,1,reference_match,Woodbury County,19,193,19193,16,2000,2015
IA_WRIGHT,IA,WRIGHT,1,reference_match,Wright County,19,197,19197,16,2000,2015
IL_ADAMS,IL,ADAMS,1,reference_match,Adams County,17,001,17001,16,2000,2015
IL_ALEXANDER,IL,ALEXANDER,1,reference_match,Alexander County,17,003,17003,13,2000,2014
IL_BOND,IL,BOND,1,reference_match,Bond County,17,005,17005,15,2000,2015
IL_BOONE,IL,BOONE,1,reference_match,Boone County,17,007,17007,15,2000,2015
IL_BROWN,IL,BROWN,1,reference_match,Brown County,17,009,17009,16,2000,2015
IL_BUREAU,IL,BUREAU,1,reference_match,Bureau County,17,011,17011,16,2000,2015
IL_CALHOUN,IL,CALHOUN,1,reference_match,Calhoun County,17,013,17013,15,2000,2015
IL_CARROLL,IL,CARROLL,1,reference_match,Carroll County,17,015,17015,16,2000,2015
IL_CASS,IL,CASS,1,reference_match,Cass County,17,017,17017,16,2000,2015
IL_CHAMPAIGN,IL,CHAMPAIGN,1,reference_match,Champaign County,17,019,17019,16,2000,2015
IL_CHRISTIAN,IL,CHRISTIAN,1,reference_match,Christian County,17,021,17021,16,2000,2015
IL_CLARK,IL,CLARK,1,reference_match,Clark County,17,023,17023,15,2000,2015
IL_CLAY,IL,CLAY,1,reference_match,Clay County,17,025,17025,15,2000,2015
IL_CLINTON,IL,CLINTON,1,reference_match,Clinton County,17,027,17027,16,2000,2015
IL_COLES,IL,COLES,1,reference_match,Coles County,17,029,17029,16,2000,2015
IL_COOK,IL,COOK,1,reference_match,Cook County,17,031,17031,10,2000,2010
IL_CRAWFORD,IL,CRAWFORD,1,reference_match,Crawford County,17,033,17033,16,2000,2015
IL_CUMBERLAND,IL,CUMBERLAND,1,reference_match,Cumberland County,17,035,17035,16,2000,2015
IL_DE_WITT,IL,DEWITT,1,reference_match,De Witt County,17,039,17039,15,2000,2015
IL_DOUGLAS,IL,DOUGLAS,1,reference_match,Douglas County,17,041,17041,16,2000,2015
IL_EDGAR,IL,EDGAR,1,reference_match,Edgar County,17,045,17045,16,2000,2015
IL_EDWARDS,IL,EDWARDS,1,reference_match,Edwards County,17,047,17047,14,2000,2013
IL_EFFINGHAM,IL,EFFINGHAM,1,reference_match,Effingham County,17,049,17049,16,2000,2015
IL_FAYETTE,IL,FAYETTE,1,reference_match,Fayette County,17,051,17051,16,2000,2015
IL_FORD,IL,FORD,1,reference_match,Ford County,17,053,17053,16,2000,2015
IL_FRANKLIN,IL,FRANKLIN,1,reference_match,Franklin County,17,055,17055,16,2000,2015
IL_FULTON,IL,FULTON,1,reference_match,Fulton County,17,057,17057,16,2000,2015
IL_GALLATIN,IL,GALLATIN,1,reference_match,Gallatin County,17,059,17059,16,2000,2015
IL_GREENE,IL,GREENE,1,reference_match,Greene County,17,061,17061,16,2000,2015
IL_GRUNDY,IL,GRUNDY,1,reference_match,Grundy County,17,063,17063,16,2000,2015
IL_HAMILTON,IL,HAMILTON,1,reference_match,Hamilton County,17,065,17065,14,2000,2013
IL_HANCOCK,IL,HANCOCK,1,reference_match,Hancock County,17,067,17067,16,2000,2015
IL_HARDIN,IL,HARDIN,1,reference_match,Hardin County,17,069,17069,9,2000,2012
IL_HENDERSON,IL,HENDERSON,1,reference_match,Henderson County,17,071,17071,16,2000,2015
IL_HENRY,IL,HENRY,1,reference_match,Henry County,17,073,17073,16,2000,2015
IL_IROQUOIS,IL,IROQUOIS,1,reference_match,Iroquois County,17,075,17075,16,2000,2015
IL_JACKSON,IL,JACKSON,1,reference_match,Jackson County,17,077,17077,15,2000,2014
IL_JASPER,IL,JASPER,1,reference_match,Jasper County,17,079,17079,16,2000,2015
IL_JEFFERSON,IL,JEFFERSON,1,reference_match,Jefferson County,17,081,17081,15,2000,2015
IL_JERSEY,IL,JERSEY,1,reference_match,Jersey County,17,083,17083,16,2000,2015
IL_JOHNSON,IL,JOHNSON,1,reference_match,Johnson County,17,087,17087,14,2000,2014
IL_JO_DAVIESS,IL,JODAVIESS,1,reference_match,Jo Daviess County,17,085,17085,16,2000,2015
IL_KANE,IL,KANE,1,reference_match,Kane County,17,089,17089,16,2000,2015
IL_KANKAKEE,IL,KANKAKEE,1,reference_match,Kankakee County,17,091,17091,16,2000,2015
IL_KENDALL,IL,KENDALL,1,reference_match,Kendall County,17,093,17093,14,2000,2013
IL_KNOX,IL,KNOX,1,reference_match,Knox County,17,095,17095,16,2000,2015
IL_LAKE,IL,LAKE,1,reference_match,Lake County,17,097,17097,13,2000,2015
IL_LAWRENCE,IL,LAWRENCE,1,reference_match,Lawrence County,17,101,17101,14,2000,2015
IL_LEE,IL,LEE,1,reference_match,Lee County,17,103,17103,16,2000,2015
IL_LIVINGSTON,IL,LIVINGSTON,1,reference_match,Livingston County,17,105,17105,16,2000,2015
IL_LOGAN,IL,LOGAN,1,reference_match,Logan County,17,107,17107,16,2000,2015
IL_MACON,IL,MACON,1,reference_match,Macon County,17,115,17115,16,2000,2015
IL_MACOUPIN,IL,MACOUPIN,1,reference_match,Macoupin County,17,117,17117,16,2000,2015
IL_MADISON,IL,MADISON,1,reference_match,Madison County,17,119,17119,16,2000,2015
IL_MARION,IL,MARION,1,reference_match,Marion County,17,121,17121,16,2000,2015
IL_MARSHALL,IL,MARSHALL,1,reference_match,Marshall County,17,123,17123,16,2000,2015
IL_MASON,IL,MASON,1,reference_match,Mason County,17,125,17125,16,2000,2015
IL_MASSAC,IL,MASSAC,1,reference_match,Massac County,17,127,17127,15,2000,2015
IL_MCDONOUGH,IL,MCDONOUGH,1,reference_match,McDonough County,17,109,17109,16,2000,2015
IL_MCHENRY,IL,MCHENRY,1,reference_match,McHenry County,17,111,17111,16,2000,2015
IL_MCLEAN,IL,MCLEAN,1,reference_match,McLean County,17,113,17113,16,2000,2015
IL_MENARD,IL,MENARD,1,reference_match,Menard County,17,129,17129,15,2000,2015
IL_MERCER,IL,MERCER,1,reference_match,Mercer County,17,131,17131,16,2000,2015
IL_MONROE,IL,MONROE,1,reference_match,Monroe County,17,133,17133,16,2000,2015
IL_MONTGOMERY,IL,MONTGOMERY,1,reference_match,Montgomery County,17,135,17135,16,2000,2015
IL_MORGAN,IL,MORGAN,1,reference_match,Morgan County,17,137,17137,16,2000,2015
IL_MOULTRIE,IL,MOULTRIE,1,reference_match,Moultrie County,17,139,17139,16,2000,2015
IL_OGLE,IL,OGLE,1,reference_match,Ogle County,17,141,17141,16,2000,2015
IL_PEORIA,IL,PEORIA,1,reference_match,Peoria County,17,143,17143,16,2000,2015
IL_PERRY,IL,PERRY,1,reference_match,Perry County,17,145,17145,16,2000,2015
IL_PIATT,IL,PIATT,1,reference_match,Piatt County,17,147,17147,16,2000,2015
IL_PIKE,IL,PIKE,1,reference_match,Pike County,17,149,17149,16,2000,2015
IL_POPE,IL,POPE,1,reference_match,Pope County,17,151,17151,11,2000,2015
IL_PULASKI,IL,PULASKI,1,reference_match,Pulaski County,17,153,17153,16,2000,2015
IL_PUTNAM,IL,PUTNAM,1,reference_match,Putnam County,17,155,17155,15,2000,2015
IL_RANDOLPH,IL,RANDOLPH,1,reference_match,Randolph County,17,157,17157,15,2000,2015
IL_RICHLAND,IL,RICHLAND,1,reference_match,Richland County,17,159,17159,16,2000,2015
IL_ROCK_ISLAND,IL,ROCKISLAND,1,reference_match,Rock Island County,17,161,17161,15,2000,2015
IL_SALINE,IL,SALINE,1,reference_match,Saline County,17,165,17165,16,2000,2015
IL_SANGAMON,IL,SANGAMON,1,reference_match,Sangamon County,17,167,17167,16,2000,2015
IL_SCHUYLER,IL,SCHUYLER,1,reference_match,Schuyler County,17,169,17169,16,2000,2015
IL_SCOTT,IL,SCOTT,1,reference_match,Scott County,17,171,17171,16,2000,2015
IL_SHELBY,IL,SHELBY,1,reference_match,Shelby County,17,173,17173,16,2000,2015
IL_STARK,IL,STARK,1,reference_match,Stark County,17,175,17175,16,2000,2015
IL_STEPHENSON,IL,STEPHENSON,1,reference_match,Stephenson County,17,177,17177,16,2000,2015
IL_TAZEWELL,IL,TAZEWELL,1,reference_match,Tazewell County,17,179,17179,16,2000,2015
IL_UNION,IL,UNION,1,reference_match,Union County,17,181,17181,15,2000,2014
IL_VERMILION,IL,VERMILION,1,reference_match,Vermilion County,17,183,17183,16,2000,2015
IL_WABASH,IL,WABASH,1,reference_match,Wabash County,17,185,17185,16,2000,2015
IL_WARREN,IL,WARREN,1,reference_match,Warren County,17,187,17187,16,2000,2015
IL_WASHINGTON,IL,WASHINGTON,1,reference_match,Washington County,17,189,17189,16,2000,2015
IL_WAYNE,IL,WAYNE,1,reference_match,Wayne County,17,191,17191,15,2000,2014
IL_WHITE,IL,WHITE,1,reference_match,White County,17,193,17193,16,2000,2015
IL_WHITESIDE,IL,WHITESIDE,1,reference_match,Whiteside County,17,195,17195,16,2000,2015
IL_WILL,IL,WILL,1,reference_match,Will County,17,197,17197,16,2000,2015
IL_WILLIAMSON,IL,WILLIAMSON,1,reference_match,Williamson County,17,199,17199,16,2000,2015
IL_WINNEBAGO,IL,WINNEBAGO,1,reference_match,Winnebago County,17,201,17201,16,2000,2015
IL_WOODFORD,IL,WOODFORD,1,reference_match,Woodford County,17,203,17203,16,2000,2015
IN_ADAMS,IN,ADAMS,1,reference_match,Adams County,18,001,18001,16,2000,2015
IN_ALLEN,IN,ALLEN,1,reference_match,Allen County,18,003,18003,16,2000,2015
IN_BARTHOLOMEW,IN,BARTHOLOMEW,1,reference_match,Bartholomew County,18,005,18005,16,2000,2015
IN_BENTON,IN,BENTON,1,reference_match,Benton County,18,007,18007,16,2000,2015
IN_BLACKFORD,IN,BLACKFORD,1,reference_match,Blackford County,18,009,18009,16,2000,2015
IN_BOONE,IN,BOONE,1,reference_match,Boone County,18,011,18011,16,2000,2015
IN_BROWN,IN,BROWN,1,reference_match,Brown County,18,013,18013,3,2009,2012
IN_CARROLL,IN,CARROLL,1,reference_match,Carroll County,18,015,18015,16,2000,2015
IN_CASS,IN,CASS,1,reference_match,Cass County,18,017,18017,16,2000,2015
IN_CLARK,IN,CLARK,1,reference_match,Clark County,18,019,18019,16,2000,2015
IN_CLAY,IN,CLAY,1,reference_match,Clay County,18,021,18021,16,2000,2015
IN_CLINTON,IN,CLINTON,1,reference_match,Clinton County,18,023,18023,16,2000,2015
IN_CRAWFORD,IN,CRAWFORD,1,reference_match,Crawford County,18,025,18025,1,2010,2010
IN_DAVIESS,IN,DAVIESS,1,reference_match,Daviess County,18,027,18027,16,2000,2015
IN_DEARBORN,IN,DEARBORN,1,reference_match,Dearborn County,18,029,18029,16,2000,2015
IN_DECATUR,IN,DECATUR,1,reference_match,Decatur County,18,031,18031,16,2000,2015
IN_DELAWARE,IN,DELAWARE,1,reference_match,Delaware County,18,035,18035,16,2000,2015
IN_DUBOIS,IN,DUBOIS,1,reference_match,Dubois County,18,037,18037,16,2000,2015
IN_ELKHART,IN,ELKHART,1,reference_match,Elkhart County,18,039,18039,15,2000,2015
IN_FAYETTE,IN,FAYETTE,1,reference_match,Fayette County,18,041,18041,16,2000,2015
IN_FLOYD,IN,FLOYD,1,reference_match,Floyd County,18,043,18043,6,2008,2015
IN_FOUNTAIN,IN,FOUNTAIN,1,reference_match,Fountain County,18,045,18045,16,2000,2015
IN_FRANKLIN,IN,FRANKLIN,1,reference_match,Franklin County,18,047,18047,16,2000,2015
IN_FULTON,IN,FULTON,1,reference_match,Fulton County,18,049,18049,16,2000,2015
IN_GIBSON,IN,GIBSON,1,reference_match,Gibson County,18,051,18051,15,2000,2015
IN_GRANT,IN,GRANT,1,reference_match,Grant County,18,053,18053,14,2000,2015
IN_GREENE,IN,GREENE,1,reference_match,Greene County,18,055,18055,13,2000,2014
IN_HAMILTON,IN,HAMILTON,1,reference_match,Hamilton County,18,057,18057,16,2000,2015
IN_HANCOCK,IN,HANCOCK,1,reference_match,Hancock County,18,059,18059,16,2000,2015
IN_HARRISON,IN,HARRISON,1,reference_match,Harrison County,18,061,18061,16,2000,2015
IN_HENDRICKS,IN,HENDRICKS,1,reference_match,Hendricks County,18,063,18063,16,2000,2015
IN_HENRY,IN,HENRY,1,reference_match,Henry County,18,065,18065,15,2000,2015
IN_HOWARD,IN,HOWARD,1,reference_match,Howard County,18,067,18067,15,2000,2015
IN_HUNTINGTON,IN,HUNTINGTON,1,reference_match,Huntington County,18,069,18069,16,2000,2015
IN_JACKSON,IN,JACKSON,1,reference_match,Jackson County,18,071,18071,16,2000,2015
IN_JASPER,IN,JASPER,1,reference_match,Jasper County,18,073,18073,16,2000,2015
IN_JAY,IN,JAY,1,reference_match,Jay County,18,075,18075,15,2000,2015
IN_JEFFERSON,IN,JEFFERSON,1,reference_match,Jefferson County,18,077,18077,12,2000,2015
IN_JENNINGS,IN,JENNINGS,1,reference_match,Jennings County,18,079,18079,16,2000,2015
IN_JOHNSON,IN,JOHNSON,1,reference_match,Johnson County,18,081,18081,16,2000,2015
IN_KNOX,IN,KNOX,1,reference_match,Knox County,18,083,18083,15,2000,2015
IN_KOSCIUSKO,IN,KOSCIUSKO,1,reference_match,Kosciusko County,18,085,18085,16,2000,2015
IN_LAGRANGE,IN,LAGRANGE,1,reference_match,LaGrange County,18,087,18087,16,2000,2015
IN_LAKE,IN,LAKE,1,reference_match,Lake County,18,089,18089,16,2000,2015
IN_LAWRENCE,IN,LAWRENCE,1,reference_match,Lawrence County,18,093,18093,15,2000,2015
IN_MADISON,IN,MADISON,1,reference_match,Madison County,18,095,18095,16,2000,2015
IN_MARION,IN,MARION,1,reference_match,Marion County,18,097,18097,13,2000,2015
IN_MARSHALL,IN,MARSHALL,1,reference_match,Marshall County,18,099,18099,16,2000,2015
IN_MARTIN,IN,MARTIN,1,reference_match,Martin County,18,101,18101,15,2000,2015
IN_MIAMI,IN,MIAMI,1,reference_match,Miami County,18,103,18103,16,2000,2015
IN_MONROE,IN,MONROE,1,reference_match,Monroe County,18,105,18105,16,2000,2015
IN_MONTGOMERY,IN,MONTGOMERY,1,reference_match,Montgomery County,18,107,18107,16,2000,2015
IN_MORGAN,IN,MORGAN,1,reference_match,Morgan County,18,109,18109,16,2000,2015
IN_NEWTON,IN,NEWTON,1,reference_match,Newton County,18,111,18111,16,2000,2015
IN_NOBLE,IN,NOBLE,1,reference_match,Noble County,18,113,18113,16,2000,2015
IN_ORANGE,IN,ORANGE,1,reference_match,Orange County,18,117,18117,16,2000,2015
IN_OWEN,IN,OWEN,1,reference_match,Owen County,18,119,18119,15,2000,2015
IN_PARKE,IN,PARKE,1,reference_match,Parke County,18,121,18121,15,2000,2015
IN_PERRY,IN,PERRY,1,reference_match,Perry County,18,123,18123,13,2000,2014
IN_PIKE,IN,PIKE,1,reference_match,Pike County,18,125,18125,14,2000,2014
IN_PORTER,IN,PORTER,1,reference_match,Porter County,18,127,18127,16,2000,2015
IN_POSEY,IN,POSEY,1,reference_match,Posey County,18,129,18129,16,2000,2015
IN_PULASKI,IN,PULASKI,1,reference_match,Pulaski County,18,131,18131,16,2000,2015
IN_PUTNAM,IN,PUTNAM,1,reference_match,Putnam County,18,133,18133,16,2000,2015
IN_RANDOLPH,IN,RANDOLPH,1,reference_match,Randolph County,18,135,18135,16,2000,2015
IN_RIPLEY,IN,RIPLEY,1,reference_match,Ripley County,18,137,18137,16,2000,2015
IN_RUSH,IN,RUSH,1,reference_match,Rush County,18,139,18139,16,2000,2015
IN_SCOTT,IN,SCOTT,1,reference_match,Scott County,18,143,18143,16,2000,2015
IN_SHELBY,IN,SHELBY,1,reference_match,Shelby County,18,145,18145,16,2000,2015
IN_SPENCER,IN,SPENCER,1,reference_match,Spencer County,18,147,18147,16,2000,2015
IN_ST._JOSEPH,IN,STJOSEPH,1,reference_match,St. Joseph County,18,141,18141,16,2000,2015
IN_STARKE,IN,STARKE,1,reference_match,Starke County,18,149,18149,16,2000,2015
IN_STEUBEN,IN,STEUBEN,1,reference_match,Steuben County,18,151,18151,14,2000,2014
IN_SULLIVAN,IN,SULLIVAN,1,reference_match,Sullivan County,18,153,18153,14,2000,2015
IN_TIPPECANOE,IN,TIPPECANOE,1,reference_match,Tippecanoe County,18,157,18157,16,2000,2015
IN_TIPTON,IN,TIPTON,1,reference_match,Tipton County,18,159,18159,16,2000,2015
IN_UNION,IN,UNION,1,reference_match,Union County,18,161,18161,16,2000,2015
IN_VANDERBURGH,IN,VANDERBURGH,1,reference_match,Vanderburgh County,18,163,18163,16,2000,2015
IN_VERMILLION,IN,VERMILLION,1,reference_match,Vermillion County,18,165,18165,16,2000,2015
IN_VIGO,IN,VIGO,1,reference_match,Vigo County,18,167,18167,15,2000,2015
IN_WABASH,IN,WABASH,1,reference_match,Wabash County,18,169,18169,15,2000,2015
IN_WARREN,IN,WARREN,1,reference_match,Warren County,18,171,18171,16,2000,2015
IN_WARRICK,IN,WARRICK,1,reference_match,Warrick County,18,173,18173,16,2000,2015
IN_WASHINGTON,IN,WASHINGTON,1,reference_match,Washington County,18,175,18175,16,2000,2015
IN_WAYNE,IN,WAYNE,1,reference_match,Wayne County,18,177,18177,16,2000,2015
IN_WELLS,IN,WELLS,1,reference_match,Wells County,18,179,18179,15,2000,2015
IN_WHITE,IN,WHITE,1,reference_match,White County,18,181,18181,16,2000,2015
IN_WHITLEY,IN,WHITLEY,1,reference_match,Whitley County,18,183,18183,16,2000,2015
MI_ALLEGAN,MI,ALLEGAN,1,reference_match,Allegan County,26,005,26005,15,2000,2015
MI_ARENAC,MI,ARENAC,1,reference_match,Arenac County,26,011,26011,15,2000,2014
MI_BARRY,MI,BARRY,1,reference_match,Barry County,26,015,26015,16,2000,2015
MI_BAY,MI,BAY,1,reference_match,Bay County,26,017,26017,15,2000,2014
MI_BERRIEN,MI,BERRIEN,1,reference_match,Berrien County,26,021,26021,15,2000,2014
MI_BRANCH,MI,BRANCH,1,reference_match,Branch County,26,023,26023,16,2000,2015
MI_CALHOUN,MI,CALHOUN,1,reference_match,Calhoun County,26,025,26025,16,2000,2015
MI_CASS,MI,CASS,1,reference_match,Cass County,26,027,26027,16,2000,2015
MI_CLINTON,MI,CLINTON,1,reference_match,Clinton County,26,037,26037,16,2000,2015
MI_EATON,MI,EATON,1,reference_match,Eaton County,26,045,26045,16,2000,2015
MI_GENESEE,MI,GENESEE,1,reference_match,Genesee County,26,049,26049,16,2000,2015
MI_GRATIOT,MI,GRATIOT,1,reference_match,Gratiot County,26,057,26057,16,2000,2015
MI_HILLSDALE,MI,HILLSDALE,1,reference_match,Hillsdale County,26,059,26059,16,2000,2015
MI_HURON,MI,HURON,1,reference_match,Huron County,26,063,26063,16,2000,2015
MI_INGHAM,MI,INGHAM,1,reference_match,Ingham County,26,065,26065,16,2000,2015
MI_IONIA,MI,IONIA,1,reference_match,Ionia County,26,067,26067,16,2000,2015
MI_JACKSON,MI,JACKSON,1,reference_match,Jackson County,26,075,26075,16,2000,2015
MI_KALAMAZOO,MI,KALAMAZOO,1,reference_match,Kalamazoo County,26,077,26077,16,2000,2015
MI_KENT,MI,KENT,1,reference_match,Kent County,26,081,26081,16,2000,2015
MI_LAPEER,MI,LAPEER,1,reference_match,Lapeer County,26,087,26087,16,2000,2015
MI_LENAWEE,MI,LENAWEE,1,reference_match,Lenawee County,26,091,26091,16,2000,2015
MI_LIVINGSTON,MI,LIVINGSTON,1,reference_match,Livingston County,26,093,26093,16,2000,2015
MI_MACOMB,MI,MACOMB,1,reference_match,Macomb County,26,099,26099,16,2000,2015
MI_MIDLAND,MI,MIDLAND,1,reference_match,Midland County,26,111,26111,16,2000,2015
MI_MONROE,MI,MONROE,1,reference_match,Monroe County,26,115,26115,16,2000,2015
MI_MONTCALM,MI,MONTCALM,1,reference_match,Montcalm County,26,117,26117,16,2000,2015
MI_MUSKEGON,MI,MUSKEGON,1,reference_match,Muskegon County,26,121,26121,15,2000,2015
MI_NEWAYGO,MI,NEWAYGO,1,reference_match,Newaygo County,26,123,26123,16,2000,2015
MI_OAKLAND,MI,OAKLAND,1,reference_match,Oakland County,26,125,26125,9,2002,2015
MI_OCEANA,MI,OCEANA,1,reference_match,Oceana County,26,127,26127,11,2002,2015
MI_OTTAWA,MI,OTTAWA,1,reference_match,Ottawa County,26,139,26139,16,2000,2015
MI_SAGINAW,MI,SAGINAW,1,reference_match,Saginaw County,26,145,26145,16,2000,2015
MI_SANILAC,MI,SANILAC,1,reference_match,Sanilac County,26,151,26151,16,2000,2015
MI_SHIAWASSEE,MI,SHIAWASSEE,1,reference_match,Shiawassee County,26,155,26155,16,2000,2015
MI_TUSCOLA,MI,TUSCOLA,1,reference_match,Tuscola County,26,157,26157,16,2000,2015
MI_VAN_BUREN,MI,VANBUREN,1,reference_match,Van Buren County,26,159,26159,14,2000,2013
MI_WASHTENAW,MI,WASHTENAW,1,reference_match,Washtenaw County,26,161,26161,16,2000,2015
MI_WAYNE,MI,WAYNE,1,reference_match,Wayne County,26,163,26163,9,2002,2015
MN_BLUE_EARTH,MN,BLUEEARTH,1,reference_match,Blue Earth County,27,013,27013,16,2000,2015
MN_BROWN,MN,BROWN,1,reference_match,Brown County,27,015,27015,16,2000,2015
MN_CHIPPEWA,MN,CHIPPEWA,1,reference_match,Chippewa County,27,023,27023,16,2000,2015
MN_FILLMORE,MN,FILLMORE,1,reference_match,Fillmore County,27,045,27045,16,2000,2015
MN_GOODHUE,MN,GOODHUE,1,reference_match,Goodhue County,27,049,27049,16,2000,2015
MN_HOUSTON,MN,HOUSTON,1,reference_match,Houston County,27,055,27055,16,2000,2015
MN_MARTIN,MN,MARTIN,1,reference_match,Martin County,27,091,27091,16,2000,2015
MN_MURRAY,MN,MURRAY,1,reference_match,Murray County,27,101,27101,16,2000,2015
MN_NICOLLET,MN,NICOLLET,1,reference_match,Nicollet County,27,103,27103,16,2000,2015
MN_NOBLES,MN,NOBLES,1,reference_match,Nobles County,27,105,27105,16,2000,2015
MN_PIPESTONE,MN,PIPESTONE,1,reference_match,Pipestone County,27,117,27117,16,2000,2015
MN_REDWOOD,MN,REDWOOD,1,reference_match,Redwood County,27,127,27127,16,2000,2015
MN_RENVILLE,MN,RENVILLE,1,reference_match,Renville County,27,129,27129,16,2000,2015
MN_ROCK,MN,ROCK,1,reference_match,Rock County,27,133,27133,16,2000,2015
MN_WABASHA,MN,WABASHA,1,reference_match,Wabasha County,27,157,27157,16,2000,2015
MN_WINONA,MN,WINONA,1,reference_match,Winona County,27,169,27169,16,2000,2015
MN_YELLOW_MEDICINE,MN,YELLOWMEDICINE,1,reference_match,Yellow Medicine County,27,173,27173,16,2000,2015
MO_ADAIR,MO,ADAIR,1,reference_match,Adair County,29,001,29001,16,2000,2015
MO_ANDREW,MO,ANDREW,1,reference_match,Andrew County,29,003,29003,14,2000,2014
MO_ATCHISON,MO,ATCHISON,1,reference_match,Atchison County,29,005,29005,15,2000,2014
MO_AUDRAIN,MO,AUDRAIN,1,reference_match,Audrain County,29,007,29007,16,2000,2015
MO_BARTON,MO,BARTON,1,reference_match,Barton County,29,011,29011,15,2000,2015
MO_BATES,MO,BATES,1,reference_match,Bates County,29,013,29013,11,2000,2010
MO_BENTON,MO,BENTON,1,reference_match,Benton County,29,015,29015,14,2000,2013
MO_BOLLINGER,MO,BOLLINGER,1,reference_match,Bollinger County,29,017,29017,15,2000,2015
MO_BOONE,MO,BOONE,1,reference_match,Boone County,29,019,29019,16,2000,2015
MO_BUCHANAN,MO,BUCHANAN,1,reference_match,Buchanan County,29,021,29021,15,2000,2015
MO_BUTLER,MO,BUTLER,1,reference_match,Butler County,29,023,29023,14,2000,2014
MO_CALDWELL,MO,CALDWELL,1,reference_match,Caldwell County,29,025,29025,16,2000,2015
MO_CALLAWAY,MO,CALLAWAY,1,reference_match,Callaway County,29,027,29027,15,2000,2014
MO_CAPE_GIRARDEAU,MO,CAPEGIRARDEAU,1,reference_match,Cape Girardeau County,29,031,29031,16,2000,2015
MO_CARROLL,MO,CARROLL,1,reference_match,Carroll County,29,033,29033,15,2000,2015
MO_CASS,MO,CASS,1,reference_match,Cass County,29,037,29037,16,2000,2015
MO_CEDAR,MO,CEDAR,1,reference_match,Cedar County,29,039,29039,11,2000,2015
MO_CHARITON,MO,CHARITON,1,reference_match,Chariton County,29,041,29041,16,2000,2015
MO_CLARK,MO,CLARK,1,reference_match,Clark County,29,045,29045,13,2000,2012
MO_CLAY,MO,CLAY,1,reference_match,Clay County,29,047,29047,16,2000,2015
MO_CLINTON,MO,CLINTON,1,reference_match,Clinton County,29,049,29049,16,2000,2015
MO_COLE,MO,COLE,1,reference_match,Cole County,29,051,29051,16,2000,2015
MO_COOPER,MO,COOPER,1,reference_match,Cooper County,29,053,29053,13,2000,2012
MO_DADE,MO,DADE,1,reference_match,Dade County,29,057,29057,16,2000,2015
MO_DAVIESS,MO,DAVIESS,1,reference_match,Daviess County,29,061,29061,13,2000,2014
MO_DUNKLIN,MO,DUNKLIN,1,reference_match,Dunklin County,29,069,29069,14,2000,2015
MO_FRANKLIN,MO,FRANKLIN,1,reference_match,Franklin County,29,071,29071,16,2000,2015
MO_GASCONADE,MO,GASCONADE,1,reference_match,Gasconade County,29,073,29073,16,2000,2015
MO_GENTRY,MO,GENTRY,1,reference_match,Gentry County,29,075,29075,12,2000,2011
MO_GRUNDY,MO,GRUNDY,1,reference_match,Grundy County,29,079,29079,13,2000,2012
MO_HARRISON,MO,HARRISON,1,reference_match,Harrison County,29,081,29081,13,2000,2012
MO_HENRY,MO,HENRY,1,reference_match,Henry County,29,083,29083,15,2000,2014
MO_HOLT,MO,HOLT,1,reference_match,Holt County,29,087,29087,15,2000,2014
MO_HOWARD,MO,HOWARD,1,reference_match,Howard County,29,089,29089,13,2000,2012
MO_JACKSON,MO,JACKSON,1,reference_match,Jackson County,29,095,29095,14,2000,2013
MO_JASPER,MO,JASPER,1,reference_match,Jasper County,29,097,29097,14,2000,2015
MO_JEFFERSON,MO,JEFFERSON,1,reference_match,Jefferson County,29,099,29099,16,2000,2015
MO_JOHNSON,MO,JOHNSON,1,reference_match,Johnson County,29,101,29101,16,2000,2015
MO_KNOX,MO,KNOX,1,reference_match,Knox County,29,103,29103,13,2000,2014
MO_LAFAYETTE,MO,LAFAYETTE,1,reference_match,Lafayette County,29,107,29107,16,2000,2015
MO_LAWRENCE,MO,LAWRENCE,1,reference_match,Lawrence County,29,109,29109,15,2000,2015
MO_LEWIS,MO,LEWIS,1,reference_match,Lewis County,29,111,29111,16,2000,2015
MO_LINCOLN,MO,LINCOLN,1,reference_match,Lincoln County,29,113,29113,13,2000,2012
MO_LINN,MO,LINN,1,reference_match,Linn County,29,115,29115,14,2000,2013
MO_LIVINGSTON,MO,LIVINGSTON,1,reference_match,Livingston County,29,117,29117,15,2000,2015
MO_MACON,MO,MACON,1,reference_match,Macon County,29,121,29121,13,2000,2013
MO_MARION,MO,MARION,1,reference_match,Marion County,29,127,29127,14,2000,2014
MO_MERCER,MO,MERCER,1,reference_match,Mercer County,29,129,29129,12,2000,2011
MO_MISSISSIPPI,MO,MISSISSIPPI,1,reference_match,Mississippi County,29,133,29133,16,2000,2015
MO_MONITEAU,MO,MONITEAU,1,reference_match,Moniteau County,29,135,29135,13,2000,2013
MO_MONROE,MO,MONROE,1,reference_match,Monroe County,29,137,29137,16,2000,2015
MO_MONTGOMERY,MO,MONTGOMERY,1,reference_match,Montgomery County,29,139,29139,14,2000,2013
MO_MORGAN,MO,MORGAN,1,reference_match,Morgan County,29,141,29141,16,2000,2015
MO_NEWTON,MO,NEWTON,1,reference_match,Newton County,29,145,29145,9,2000,2009
MO_NEW_MADRID,MO,NEWMADRID,1,reference_match,New Madrid County,29,143,29143,15,2000,2014
MO_NODAWAY,MO,NODAWAY,1,reference_match,Nodaway County,29,147,29147,16,2000,2015
MO_PEMISCOT,MO,PEMISCOT,1,reference_match,Pemiscot County,29,155,29155,14,2000,2014
MO_PERRY,MO,PERRY,1,reference_match,Perry County,29,157,29157,16,2000,2015
MO_PETTIS,MO,PETTIS,1,reference_match,Pettis County,29,159,29159,16,2000,2015
MO_PIKE,MO,PIKE,1,reference_match,Pike County,29,163,29163,16,2000,2015
MO_PLATTE,MO,PLATTE,1,reference_match,Platte County,29,165,29165,13,2000,2015
MO_PUTNAM,MO,PUTNAM,1,reference_match,Putnam County,29,171,29171,14,2000,2015
MO_RALLS,MO,RALLS,1,reference_match,Ralls County,29,173,29173,15,2000,2015
MO_RANDOLPH,MO,RANDOLPH,1,reference_match,Randolph County,29,175,29175,15,2000,2015
MO_RAY,MO,RAY,1,reference_match,Ray County,29,177,29177,15,2000,2014
MO_SALINE,MO,SALINE,1,reference_match,Saline County,29,195,29195,16,2000,2015
MO_SCHUYLER,MO,SCHUYLER,1,reference_match,Schuyler County,29,197,29197,12,2000,2011
MO_SCOTLAND,MO,SCOTLAND,1,reference_match,Scotland County,29,199,29199,14,2000,2014
MO_SCOTT,MO,SCOTT,1,reference_match,Scott County,29,201,29201,14,2000,2015
MO_SHELBY,MO,SHELBY,1,reference_match,Shelby County,29,205,29205,15,2000,2014
MO_STODDARD,MO,STODDARD,1,reference_match,Stoddard County,29,207,29207,15,2000,2014
MO_SULLIVAN,MO,SULLIVAN,1,reference_match,Sullivan County,29,211,29211,16,2000,2015
MO_VERNON,MO,VERNON,1,reference_match,Vernon County,29,217,29217,14,2000,2015
MO_WARREN,MO,WARREN,1,reference_match,Warren County,29,219,29219,15,2000,2014
MO_WAYNE,MO,WAYNE,1,reference_match,Wayne County,29,223,29223,12,2000,2015
MO_WORTH,MO,WORTH,1,reference_match,Worth County,29,227,29227,16,2000,2015
OH_ADAMS,OH,ADAMS,1,reference_match,Adams County,39,001,39001,16,2000,2015
OH_ALLEN,OH,ALLEN,1,reference_match,Allen County,39,003,39003,16,2000,2015
OH_ASHLAND,OH,ASHLAND,1,reference_match,Ashland County,39,005,39005,15,2000,2014
OH_ASHTABULA,OH,ASHTABULA,1,reference_match,Ashtabula County,39,007,39007,16,2000,2015
OH_AUGLAIZE,OH,AUGLAIZE,1,reference_match,Auglaize County,39,011,39011,16,2000,2015
OH_BELMONT,OH,BELMONT,1,reference_match,Belmont County,39,013,39013,8,2000,2015
OH_BROWN,OH,BROWN,1,reference_match,Brown County,39,015,39015,16,2000,2015
OH_BUTLER,OH,BUTLER,1,reference_match,Butler County,39,017,39017,16,2000,2015
OH_CHAMPAIGN,OH,CHAMPAIGN,1,reference_match,Champaign County,39,021,39021,16,2000,2015
OH_CLARK,OH,CLARK,1,reference_match,Clark County,39,023,39023,16,2000,2015
OH_CLERMONT,OH,CLERMONT,1,reference_match,Clermont County,39,025,39025,15,2000,2015
OH_CLINTON,OH,CLINTON,1,reference_match,Clinton County,39,027,39027,16,2000,2015
OH_COLUMBIANA,OH,COLUMBIANA,1,reference_match,Columbiana County,39,029,39029,16,2000,2015
OH_COSHOCTON,OH,COSHOCTON,1,reference_match,Coshocton County,39,031,39031,16,2000,2015
OH_CRAWFORD,OH,CRAWFORD,1,reference_match,Crawford County,39,033,39033,16,2000,2015
OH_DARKE,OH,DARKE,1,reference_match,Darke County,39,037,39037,16,2000,2015
OH_DEFIANCE,OH,DEFIANCE,1,reference_match,Defiance County,39,039,39039,16,2000,2015
OH_DELAWARE,OH,DELAWARE,1,reference_match,Delaware County,39,041,39041,16,2000,2015
OH_ERIE,OH,ERIE,1,reference_match,Erie County,39,043,39043,15,2000,2014
OH_FAIRFIELD,OH,FAIRFIELD,1,reference_match,Fairfield County,39,045,39045,16,2000,2015
OH_FAYETTE,OH,FAYETTE,1,reference_match,Fayette County,39,047,39047,15,2000,2015
OH_FRANKLIN,OH,FRANKLIN,1,reference_match,Franklin County,39,049,39049,14,2000,2015
OH_FULTON,OH,FULTON,1,reference_match,Fulton County,39,051,39051,16,2000,2015
OH_GREENE,OH,GREENE,1,reference_match,Greene County,39,057,39057,16,2000,2015
OH_GUERNSEY,OH,GUERNSEY,1,reference_match,Guernsey County,39,059,39059,15,2000,2015
OH_HAMILTON,OH,HAMILTON,1,reference_match,Hamilton County,39,061,39061,15,2000,2015
OH_HANCOCK,OH,HANCOCK,1,reference_match,Hancock County,39,063,39063,16,2000,2015
OH_HARDIN,OH,HARDIN,1,reference_match,Hardin County,39,065,39065,16,2000,2015
OH_HARRISON,OH,HARRISON,1,reference_match,Harrison County,39,067,39067,14,2000,2015
OH_HENRY,OH,HENRY,1,reference_match,Henry County,39,069,39069,16,2000,2015
OH_HIGHLAND,OH,HIGHLAND,1,reference_match,Highland County,39,071,39071,16,2000,2015
OH_HOCKING,OH,HOCKING,1,reference_match,Hocking County,39,073,39073,15,2000,2015
OH_HOLMES,OH,HOLMES,1,reference_match,Holmes County,39,075,39075,16,2000,2015
OH_HURON,OH,HURON,1,reference_match,Huron County,39,077,39077,16,2000,2015
OH_KNOX,OH,KNOX,1,reference_match,Knox County,39,083,39083,16,2000,2015
OH_LICKING,OH,LICKING,1,reference_match,Licking County,39,089,39089,16,2000,2015
OH_LOGAN,OH,LOGAN,1,reference_match,Logan County,39,091,39091,16,2000,2015
OH_LORAIN,OH,LORAIN,1,reference_match,Lorain County,39,093,39093,16,2000,2015
OH_LUCAS,OH,LUCAS,1,reference_match,Lucas County,39,095,39095,16,2000,2015
OH_MADISON,OH,MADISON,1,reference_match,Madison County,39,097,39097,16,2000,2015
OH_MAHONING,OH,MAHONING,1,reference_match,Mahoning County,39,099,39099,16,2000,2015
OH_MARION,OH,MARION,1,reference_match,Marion County,39,101,39101,16,2000,2015
OH_MEDINA,OH,MEDINA,1,reference_match,Medina County,39,103,39103,16,2000,2015
OH_MERCER,OH,MERCER,1,reference_match,Mercer County,39,107,39107,16,2000,2015
OH_MIAMI,OH,MIAMI,1,reference_match,Miami County,39,109,39109,16,2000,2015
OH_MONTGOMERY,OH,MONTGOMERY,1,reference_match,Montgomery County,39,113,39113,16,2000,2015
OH_MORGAN,OH,MORGAN,1,reference_match,Morgan County,39,115,39115,16,2000,2015
OH_MORROW,OH,MORROW,1,reference_match,Morrow County,39,117,39117,16,2000,2015
OH_MUSKINGUM,OH,MUSKINGUM,1,reference_match,Muskingum County,39,119,39119,16,2000,2015
OH_NOBLE,OH,NOBLE,1,reference_match,Noble County,39,121,39121,9,2000,2015
OH_OTTAWA,OH,OTTAWA,1,reference_match,Ottawa County,39,123,39123,16,2000,2015
OH_PAULDING,OH,PAULDING,1,reference_match,Paulding County,39,125,39125,16,2000,2015
OH_PERRY,OH,PERRY,1,reference_match,Perry County,39,127,39127,15,2000,2014
OH_PICKAWAY,OH,PICKAWAY,1,reference_match,Pickaway County,39,129,39129,16,2000,2015
OH_PIKE,OH,PIKE,1,reference_match,Pike County,39,131,39131,14,2000,2015
OH_PORTAGE,OH,PORTAGE,1,reference_match,Portage County,39,133,39133,15,2000,2015
OH_PREBLE,OH,PREBLE,1,reference_match,Preble County,39,135,39135,16,2000,2015
OH_PUTNAM,OH,PUTNAM,1,reference_match,Putnam County,39,137,39137,16,2000,2015
OH_RICHLAND,OH,RICHLAND,1,reference_match,Richland County,39,139,39139,16,2000,2015
OH_ROSS,OH,ROSS,1,reference_match,Ross County,39,141,39141,15,2000,2015
OH_SANDUSKY,OH,SANDUSKY,1,reference_match,Sandusky County,39,143,39143,16,2000,2015
OH_SENECA,OH,SENECA,1,reference_match,Seneca County,39,147,39147,16,2000,2015
OH_SHELBY,OH,SHELBY,1,reference_match,Shelby County,39,149,39149,16,2000,2015
OH_STARK,OH,STARK,1,reference_match,Stark County,39,151,39151,15,2000,2015
OH_SUMMIT,OH,SUMMIT,1,reference_match,Summit County,39,153,39153,10,2000,2012
OH_TRUMBULL,OH,TRUMBULL,1,reference_match,Trumbull County,39,155,39155,16,2000,2015
OH_TUSCARAWAS,OH,TUSCARAWAS,1,reference_match,Tuscarawas County,39,157,39157,16,2000,2015
OH_UNION,OH,UNION,1,reference_match,Union County,39,159,39159,16,2000,2015
OH_VAN_WERT,OH,VANWERT,1,reference_match,Van Wert County,39,161,39161,16,2000,2015
OH_WARREN,OH,WARREN,1,reference_match,Warren County,39,165,39165,16,2000,2015
OH_WAYNE,OH,WAYNE,1,reference_match,Wayne County,39,169,39169,16,2000,2015
OH_WILLIAMS,OH,WILLIAMS,1,reference_match,Williams County,39,171,39171,16,2000,2015
OH_WOOD,OH,WOOD,1,reference_match,Wood County,39,173,39173,16,2000,2015
OH_WYANDOT,OH,WYANDOT,1,reference_match,Wyandot County,39,175,39175,16,2000,2015
WI_ADAMS,WI,ADAMS,1,reference_match,Adams County,55,001,55001,16,2000,2015
WI_BUFFALO,WI,BUFFALO,1,reference_match,Buffalo County,55,011,55011,16,2000,2015
WI_COLUMBIA,WI,COLUMBIA,1,reference_match,Columbia County,55,021,55021,16,2000,2015
WI_CRAWFORD,WI,CRAWFORD,1,reference_match,Crawford County,55,023,55023,16,2000,2015
WI_DANE,WI,DANE,1,reference_match,Dane County,55,025,55025,16,2000,2015
WI_DODGE,WI,DODGE,1,reference_match,Dodge County,55,027,55027,16,2000,2015
WI_DUNN,WI,DUNN,1,reference_match,Dunn County,55,033,55033,16,2000,2015
WI_EAU_CLAIRE,WI,EAUCLAIRE,1,reference_match,Eau Claire County,55,035,55035,16,2000,2015
WI_FOND_DU_LAC,WI,FONDDULAC,1,reference_match,Fond du Lac County,55,039,55039,16,2000,2015
WI_GRANT,WI,GRANT,1,reference_match,Grant County,55,043,55043,16,2000,2015
WI_GREEN,WI,GREEN,1,reference_match,Green County,55,045,55045,16,2000,2015
WI_GREEN_LAKE,WI,GREENLAKE,1,reference_match,Green Lake County,55,047,55047,16,2000,2015
WI_IOWA,WI,IOWA,1,reference_match,Iowa County,55,049,55049,16,2000,2015
WI_JACKSON,WI,JACKSON,1,reference_match,Jackson County,55,053,55053,16,2000,2015
WI_JEFFERSON,WI,JEFFERSON,1,reference_match,Jefferson County,55,055,55055,16,2000,2015
WI_JUNEAU,WI,JUNEAU,1,reference_match,Juneau County,55,057,55057,16,2000,2015
WI_KENOSHA,WI,KENOSHA,1,reference_match,Kenosha County,55,059,55059,16,2000,2015
WI_LAFAYETTE,WI,LAFAYETTE,1,reference_match,Lafayette County,55,065,55065,16,2000,2015
WI_LANGLADE,WI,LANGLADE,1,reference_match,Langlade County,55,067,55067,11,2000,2015
WI_LA_CROSSE,WI,LACROSSE,1,reference_match,La Crosse County,55,063,55063,16,2000,2015
WI_MARINETTE,WI,MARINETTE,1,reference_match,Marinette County,55,075,55075,16,2000,2015
WI_MARQUETTE,WI,MARQUETTE,1,reference_match,Marquette County,55,077,55077,16,2000,2015
WI_MILWAUKEE,WI,MILWAUKEE,1,reference_match,Milwaukee County,55,079,55079,11,2000,2014
WI_MONROE,WI,MONROE,1,reference_match,Monroe County,55,081,55081,16,2000,2015
WI_OCONTO,WI,OCONTO,1,reference_match,Oconto County,55,083,55083,16,2000,2015
WI_OUTAGAMIE,WI,OUTAGAMIE,1,reference_match,Outagamie County,55,087,55087,16,2000,2015
WI_OZAUKEE,WI,OZAUKEE,1,reference_match,Ozaukee County,55,089,55089,12,2000,2014
WI_PEPIN,WI,PEPIN,1,reference_match,Pepin County,55,091,55091,16,2000,2015
WI_PORTAGE,WI,PORTAGE,1,reference_match,Portage County,55,097,55097,16,2000,2015
WI_RACINE,WI,RACINE,1,reference_match,Racine County,55,101,55101,16,2000,2015
WI_RICHLAND,WI,RICHLAND,1,reference_match,Richland County,55,103,55103,16,2000,2015
WI_ROCK,WI,ROCK,1,reference_match,Rock County,55,105,55105,16,2000,2015
WI_SAUK,WI,SAUK,1,reference_match,Sauk County,55,111,55111,16,2000,2015
WI_SHEBOYGAN,WI,SHEBOYGAN,1,reference_match,Sheboygan County,55,117,55117,16,2000,2015
WI_TREMPEALEAU,WI,TREMPEALEAU,1,reference_match,Trempealeau County,55,121,55121,16,2000,2015
WI_VERNON,WI,VERNON,1,reference_match,Vernon County,55,123,55123,16,2000,2015
WI_WALWORTH,WI,WALWORTH,1,reference_match,Walworth County,55,127,55127,16,2000,2015
WI_WASHINGTON,WI,WASHINGTON,1,reference_match,Washington County,55,131,55131,16,2000,2015
WI_WAUKESHA,WI,WAUKESHA,1,reference_match,Waukesha County,55,133,55133,16,2000,2015
WI_WAUSHARA,WI,WAUSHARA,1,reference_match,Waushara County,55,137,55137,16,2000,2015
WI_WINNEBAGO,WI,WINNEBAGO,1,reference_match,Winnebago County,55,139,55139,15,2000,2014
