dimension,value,n,rmse,mae,r2
FYEAR,2016,469,29.321279049534045,24.858215458916707,-0.2911907724950309
FYEAR,2017,488,34.40587931806401,29.13074035331851,-1.127128021528418
FYEAR,2018,434,35.71287136757186,30.986995616156936,-0.6488478714422374
STATE,IA,278,37.069294910728715,34.50484980301891,-3.338115403195207
STATE,IL,265,42.87556872849286,37.28842764224646,-0.9294096120216129
STATE,IN,234,26.15125607008174,22.22029742379474,-1.2843469008873303
STATE,MI,101,17.579143608176263,13.901244089863086,-0.2164107579284078
STATE,MN,50,34.4697900302863,31.22384411621094,-6.062776151128471
STATE,MO,149,33.871886711881444,29.199747461920612,-1.2590415328724682
STATE,OH,204,26.901105229456217,21.58925564335842,-0.9083708775805359
STATE,WI,110,29.546965537812504,26.628553550026634,-2.0427883726939413
