feature,mean_abs_shap
FYEAR,11.689035
tmin_07,3.5690496
tavg_07,3.1943827
STATE_MO,2.6960232
balance_06,2.39637
STATE_IL,2.1523705
et0_04,2.1475358
et0_05,1.8774451
SM_WHC,1.7839203
STATE_IA,1.7695941
tmax_06,1.6987189
et0_06,1.643318
tmin_05,1.4071155
tavg_04,1.232786
tmax_04,1.0871928
tavg_06,0.98183805
prec_06,0.9755364
tavg_05,0.8837685
STATE_IN,0.7623263
STATE_MN,0.73728734
balance_07,0.7346081
prec_05,0.682115
tmin_04,0.6595081
tmin_06,0.59787554
balance_05,0.5821831
STATE_MI,0.55561054
balance_04,0.51597536
STATE_OH,0.49458888
tmax_07,0.47541356
STATE_WI,0.4534042
prec_04,0.4394714
prec_07,0.42954656
tmax_05,0.36676145
et0_07,0.3103989
